City_ID,City,Lat,Lng,Max Temp,Humidity,Cloudiness,Wind Speed,Country,Date
0,pacific grove,36.6177,-121.9166,7.23,74,0,3.6,US,1674217197
1,bredasdorp,-34.5322,20.0403,28.14,46,0,7.5,ZA,1674217197
2,luziania,-16.2525,-47.9503,24.83,76,64,1.65,BR,1674217197
3,ribeira grande,38.5167,-28.7,15.43,82,40,8.94,PT,1674217198
4,lebu,-37.6167,-73.65,14.01,90,33,1.55,CL,1674216922
5,presidencia roque saenz pena,-26.7852,-60.4388,31.8,41,0,4.69,AR,1674217199
6,colares,38.7992,-9.4469,17.41,85,75,7.6,PT,1674217200
7,albany,42.6001,-73.9662,1.52,93,100,1.08,US,1674217200
8,constitucion,-35.3333,-72.4167,16.06,73,62,1.34,CL,1674217200
9,hermanus,-34.4187,19.2345,26.0,70,0,5.03,ZA,1674217200
10,namibe,-15.1961,12.1522,26.17,64,97,4.41,AO,1674217201
11,punta arenas,-53.15,-70.9167,11.06,87,75,2.06,CL,1674217201
12,yumen,40.2833,97.2,-9.45,53,93,8.7,CN,1674217202
13,khndzoresk,39.5122,46.4328,3.14,50,0,2.65,AM,1674217202
14,lamu,-2.2717,40.902,30.12,67,36,8.73,KE,1674217202
15,abha,18.2164,42.5053,19.14,42,40,4.63,SA,1674217203
16,sabha,27.0377,14.4283,13.45,16,5,1.71,LY,1674217203
17,carnarvon,-24.8667,113.6333,24.33,79,2,9.44,AU,1674217064
18,malakal,9.5334,31.6605,36.82,13,77,5.13,SS,1674217204
19,vostok,46.4856,135.8833,-26.51,100,100,1.59,RU,1674217204
20,cooma,-36.2333,149.1333,8.84,96,21,1.57,AU,1674217205
21,madimba,-10.4,40.3333,29.19,67,99,6.07,TZ,1674217205
22,genhe,50.7833,121.5167,-35.98,97,97,0.75,CN,1674217206
23,creel,27.75,-107.6333,-2.27,45,69,0.82,MX,1674217206
24,rikitea,-23.1203,-134.9692,24.97,71,87,2.31,PF,1674217207
25,suez,29.9737,32.5263,22.53,18,0,0.71,EG,1674217208
26,new norfolk,-42.7826,147.0587,16.07,65,96,0.51,AU,1674217208
27,erenhot,43.6475,111.9767,-9.8,47,99,6.08,CN,1674217208
28,manyana,-23.4,21.7167,30.81,28,49,5.31,BW,1674217208
29,naze,28.3667,129.4833,12.51,56,4,6.73,JP,1674217208
30,rocha,-34.4833,-54.3333,26.46,55,6,5.48,UY,1674217209
31,khatanga,71.9667,102.5,-42.95,96,34,2.18,RU,1674217209
32,hay river,60.8156,-115.7999,-13.02,85,0,3.09,CA,1674217209
33,mogadishu,2.0371,45.3438,28.62,66,33,11.38,SO,1674217210
34,atuona,-9.8,-139.0333,25.54,80,14,7.77,PF,1674217210
35,bengkulu,-3.8004,102.2655,25.22,85,100,0.69,ID,1674217210
36,tasiilaq,65.6145,-37.6368,-9.91,95,100,2.42,GL,1674217211
37,ipoh,4.5841,101.0829,27.95,74,40,2.06,MY,1674217211
38,chuy,-33.6971,-53.4616,25.69,62,0,4.87,UY,1674217211
39,san cristobal,7.7669,-72.225,18.1,74,82,0.72,VE,1674217211
40,qaanaaq,77.484,-69.3632,-36.27,60,0,3.85,GL,1674217211
41,savelugu,9.6244,-0.8253,35.83,10,22,3.29,GH,1674217109
42,kapaa,22.0752,-159.319,21.99,91,0,2.57,US,1674217036
43,kaitangata,-46.2817,169.8464,10.97,74,60,3.83,NZ,1674217212
44,minot,48.2325,-101.2963,-5.94,96,99,2.36,US,1674217212
45,teeli,51.0333,90.2333,-17.34,73,70,2.86,RU,1674217213
46,ushuaia,-54.8,-68.3,11.81,71,20,9.26,AR,1674217088
47,harlingen,26.1906,-97.6961,20.5,84,100,3.6,US,1674217213
48,hilo,19.7297,-155.09,24.6,81,0,3.09,US,1674217213
49,wamba,8.9333,8.6,36.7,11,57,3.23,NG,1674217213
50,port alfred,-33.5906,26.891,26.21,79,99,2.24,ZA,1674217213
51,hofn,64.2539,-15.2082,4.01,93,100,9.77,IS,1674217214
52,lata,40.1629,-8.3327,16.38,62,96,2.55,PT,1674217214
53,san luis,-33.295,-66.3356,29.86,38,7,6.48,AR,1674217214
54,port elizabeth,-33.918,25.5701,29.5,77,100,4.63,ZA,1674216942
55,potsdam,52.3989,13.0657,2.85,86,98,0.45,DE,1674217215
56,puerto ayora,-0.7393,-90.3518,22.53,98,9,2.09,EC,1674217215
57,ponta do sol,32.6667,-17.1,18.4,59,35,2.42,PT,1674217215
58,arraial do cabo,-22.9661,-42.0278,26.98,78,75,8.23,BR,1674217216
59,tombouctou,20.0,-3.0,26.77,11,82,1.98,ML,1674217028
60,airai,-8.9266,125.4092,15.45,92,100,0.55,TL,1674217216
61,castro,-24.7911,-50.0119,19.39,89,100,1.68,BR,1674217216
62,arvin,35.2091,-118.8284,7.18,97,90,0.64,US,1674217216
63,whitehorse,60.7161,-135.0538,-1.57,80,40,7.72,CA,1674217217
64,te anau,-45.4167,167.7167,8.46,92,7,1.38,NZ,1674217218
65,vaini,-21.2,-175.2,28.09,89,40,3.6,TO,1674217197
66,nome,64.5011,-165.4064,-28.96,83,0,0.0,US,1674217218
67,rio grande,-32.035,-52.0986,27.06,76,8,6.46,BR,1674217218
68,mutata,7.2441,-76.4356,22.11,94,75,0.91,CO,1674217218
69,nipawin,53.3668,-104.0009,-11.98,92,0,4.12,CA,1674217218
70,longyearbyen,78.2186,15.6401,-3.09,93,75,5.66,SJ,1674217219
71,tuktoyaktuk,69.4541,-133.0374,-25.45,100,78,2.95,CA,1674217219
72,krasnoselkup,65.7,82.4667,-35.92,84,5,4.51,RU,1674217220
73,san patricio,28.017,-97.5169,17.69,57,100,4.45,US,1674217221
74,srandakan,-7.9386,110.2506,25.88,83,96,0.76,ID,1674217221
75,cape town,-33.9258,18.4232,29.5,51,20,4.63,ZA,1674217085
76,busselton,-33.65,115.3333,24.25,52,2,4.85,AU,1674217222
77,cidreira,-30.1811,-50.2056,24.83,79,7,4.65,BR,1674217223
78,lavrentiya,65.5833,-171.0,-30.22,93,34,3.22,RU,1674217223
79,yulara,-25.2406,130.9889,20.25,72,100,2.12,AU,1674217108
80,broken hill,-31.95,141.4333,21.98,25,79,2.93,AU,1674217223
81,nikolskoye,59.7035,30.7861,1.0,93,98,2.78,RU,1674217224
82,chanika,-5.4167,38.0167,31.03,42,99,2.26,TZ,1674216931
83,butaritari,3.0707,172.7902,27.32,75,96,8.59,KI,1674217225
84,kamiiso,41.8167,140.65,-1.62,92,95,2.46,JP,1674217225
85,ryotsu,38.0833,138.4333,3.35,64,87,15.88,JP,1674216993
86,belmonte,-15.8631,-38.8828,26.62,73,99,0.88,BR,1674217226
87,dikson,73.5069,80.5464,-28.03,75,33,11.12,RU,1674217226
88,changde,29.0464,111.6783,10.67,27,97,3.08,CN,1674217226
89,mataura,-46.1927,168.8643,10.47,77,62,1.87,NZ,1674217226
90,zamora,-4.0692,-78.9567,18.66,100,100,0.4,EC,1674217226
91,hobart,-42.8794,147.3294,16.26,83,75,1.54,AU,1674216963
92,rio gallegos,-51.6226,-69.2181,15.03,63,0,6.17,AR,1674217227
93,kitui,-1.367,38.0106,26.54,42,58,4.43,KE,1674216968
94,hithadhoo,-0.6,73.0833,26.34,77,100,4.76,MV,1674217227
95,torbay,47.6666,-52.7314,0.22,95,100,7.6,CA,1674217228
96,victoria,22.2855,114.1577,18.47,74,45,0.89,HK,1674217194
97,fort nelson,58.8053,-122.7002,-13.23,85,40,1.54,CA,1674217228
98,slobodskoy,58.7322,50.1772,-3.86,85,100,5.18,RU,1674217229
99,harnai,30.1005,67.9374,11.98,39,60,1.92,PK,1674217229
100,fortuna,40.5982,-124.1573,1.31,100,0,4.63,US,1674217229
101,liverpool,53.4106,-2.9779,7.83,79,20,3.6,GB,1674216945
102,garhi yasin,27.9069,68.511,20.01,29,5,1.71,PK,1674217229
103,ust-kulom,61.6864,53.6902,-3.15,92,99,4.19,RU,1674217229
104,ler,8.3018,30.1418,36.84,12,100,3.3,SS,1674217230
105,sakakah,29.9697,40.2064,22.76,31,79,5.2,SA,1674217230
106,ilulissat,69.2167,-51.1,-34.74,74,35,2.53,GL,1674217230
107,tilichiki,60.4667,166.1,-33.08,93,21,5.0,RU,1674217230
108,kozulka,50.0351,23.797,0.89,91,100,4.4,UA,1674217231
109,cap-aux-meules,47.3821,-61.8597,-1.97,86,100,6.69,CA,1674217231
110,kodiak,57.79,-152.4072,1.73,93,100,3.6,US,1674217231
111,bandarbeyla,9.4942,50.8122,25.89,65,50,10.38,SO,1674217231
112,lasa,46.6166,10.7002,2.61,79,69,3.58,IT,1674217232
113,east london,-33.0153,27.9116,24.52,83,100,3.09,ZA,1674217098
114,egvekinot,66.3167,-179.1667,-31.44,90,100,2.31,RU,1674217232
115,barrow,71.2906,-156.7887,-19.99,77,100,6.69,US,1674217233
116,hasaki,35.7333,140.8333,7.38,49,0,3.51,JP,1674217233
117,ahuimanu,21.4447,-157.8378,23.53,85,20,3.13,US,1674217233
118,bodden town,19.2833,-81.25,22.74,78,20,0.0,KY,1674217234
119,bethel,41.3712,-73.414,3.9,87,95,1.71,US,1674217234
120,turukhansk,65.8167,87.9833,-38.08,83,2,2.77,RU,1674217234
121,villa carlos paz,-31.4241,-64.4978,29.66,41,9,0.89,AR,1674217234
122,storforshei,66.4043,14.5233,0.92,100,75,0.0,NO,1674217235
123,clyde river,70.4692,-68.5914,-29.87,69,100,2.57,CA,1674217235
124,sainte-marie,-20.8968,55.5496,30.09,82,100,5.14,RE,1674217027
125,yeniseysk,58.4497,92.1703,-36.4,94,63,1.89,RU,1674217235
126,anahuac,27.2333,-100.15,15.2,50,100,3.57,MX,1674217236
127,dunkwa,5.9656,-1.78,36.3,36,36,0.5,GH,1674217236
128,tranas,58.0372,14.9782,0.77,82,99,1.66,SE,1674217236
129,bilma,18.6853,12.9164,26.09,8,1,4.66,NE,1674217236
130,norman wells,65.282,-126.8329,-28.98,76,0,2.06,CA,1674217236
131,deputatskiy,69.3,139.9,-35.87,97,53,1.87,RU,1674217236
132,turan,16.0678,108.2208,21.99,68,75,4.63,VN,1674217237
133,upernavik,72.7868,-56.1549,-29.04,87,100,4.83,GL,1674217237
134,yuli,9.6989,10.2744,35.25,11,16,3.1,NG,1674217237
135,tazmalt,36.3868,4.3989,8.59,97,100,2.39,DZ,1674217238
136,le vauclin,14.5452,-60.8388,26.03,69,20,8.23,MQ,1674217238
137,saint-pierre,-21.3393,55.4781,29.82,66,40,2.57,RE,1674217238
138,pevek,69.7008,170.3133,-34.97,98,82,6.29,RU,1674217239
139,jamestown,42.097,-79.2353,1.12,72,100,8.23,US,1674217240
140,comodoro rivadavia,-45.8667,-67.5,19.92,77,0,3.6,AR,1674217240
141,bluff,-46.6,168.3333,13.37,70,90,6.19,NZ,1674217240
142,yellowknife,62.456,-114.3525,-19.71,84,0,2.06,CA,1674217224
143,nortelandia,-14.4547,-56.8028,26.27,72,64,1.75,BR,1674217240
144,gumdag,39.2061,54.5906,3.07,46,0,6.38,TM,1674217241
145,vila velha,-20.3297,-40.2925,27.97,77,20,5.66,BR,1674217241
146,seydi,39.4816,62.9137,-1.66,53,48,1.71,TM,1674217242
147,biak,-0.9131,122.8766,25.5,81,98,0.84,ID,1674217242
148,severo-kurilsk,50.6789,156.125,-6.97,63,97,8.3,RU,1674217242
149,sioux lookout,50.1001,-91.917,-25.22,100,88,0.64,CA,1674217242
150,havre-saint-pierre,50.2334,-63.5986,-8.0,73,0,4.12,CA,1674217243
151,ruteng,-8.6136,120.4721,17.71,95,97,0.78,ID,1674217243
152,shalya,57.2471,58.7298,-11.24,86,69,2.11,RU,1674216964
153,dingle,10.9995,122.6711,24.04,93,76,4.45,PH,1674217243
154,clovis,36.8252,-119.7029,7.04,90,100,0.0,US,1674217243
155,kavieng,-2.5744,150.7967,27.87,72,100,0.6,PG,1674217244
156,sitka,57.0531,-135.33,6.94,81,100,5.14,US,1674217244
157,georgetown,5.4112,100.3354,27.96,86,20,2.06,MY,1674217210
158,big spring,32.2504,-101.4787,7.25,49,0,3.6,US,1674217244
159,hami,42.8,93.45,-7.2,42,8,2.28,CN,1674217244
160,caravelas,-17.7125,-39.2481,28.21,64,82,1.74,BR,1674217245
161,narsaq,60.9167,-46.05,-7.88,69,89,3.07,GL,1674217245
162,terenos,-20.4422,-54.8603,25.84,78,40,5.66,BR,1674217245
163,adre,13.4667,22.2,31.26,11,4,0.99,TD,1674217246
164,mnogovershinnyy,53.9353,139.9242,-29.59,96,100,1.79,RU,1674217246
165,yasenskaya,46.3592,38.269,6.68,64,100,8.11,RU,1674217246
166,kristiinankaupunki,62.2743,21.376,-0.5,89,65,3.99,FI,1674217246
167,umm lajj,25.0213,37.2685,25.04,49,1,5.1,SA,1674217247
168,dumabato,16.3167,121.7,20.6,99,100,0.72,PH,1674217247
169,nicolas bravo,18.45,-88.9167,21.6,99,56,0.95,MX,1674217248
170,orativ,49.1889,29.527,11.07,76,97,5.94,UA,1674217248
171,manado,1.487,124.8455,25.43,94,40,0.51,ID,1674217204
172,yunyang,33.4474,112.7142,3.66,32,100,0.86,CN,1674217248
173,bathsheba,13.2167,-59.5167,26.34,69,40,10.8,BB,1674217248
174,pestravka,52.405,49.9583,-12.1,91,6,2.43,RU,1674217249
175,virtsu,58.5716,23.5115,1.7,85,100,1.69,EE,1674217249
176,baruun-urt,46.6806,113.2792,-21.66,91,97,2.79,MN,1674217129
177,sarankhola,22.3082,89.7897,20.77,26,14,2.54,BD,1674216981
178,sao joao da barra,-21.6403,-41.0511,27.05,82,99,3.35,BR,1674217250
179,nelson bay,-32.7167,152.15,21.11,76,97,4.02,AU,1674217250
180,road town,18.4167,-64.6167,26.02,73,40,3.09,VG,1674217251
181,lorengau,-2.0226,147.2712,27.5,76,100,3.1,PG,1674217252
182,ancud,-41.8697,-73.8203,14.65,90,99,1.39,CL,1674217252
183,haverfordwest,51.8017,-4.9691,5.32,89,100,2.89,GB,1674217038
184,vardo,70.3705,31.1107,-4.01,80,0,10.29,NO,1674217253
185,sembe,1.6481,14.5806,37.96,22,89,0.71,CG,1674217254
186,eureka,40.8021,-124.1637,3.65,99,59,2.45,US,1674217254
187,cascais,38.6979,-9.4215,17.51,85,75,7.6,PT,1674217254
188,zhigalovo,54.8097,105.1578,-26.74,99,100,1.3,RU,1674217254
189,meulaboh,4.1363,96.1285,26.07,78,90,1.43,ID,1674217255
190,konevo,62.1215,39.3192,0.07,99,100,1.29,RU,1674217255
191,gat,31.61,34.7642,22.66,36,0,1.12,IL,1674217255
192,brownsville,25.9018,-97.4975,20.51,87,75,2.57,US,1674217255
193,olinda,-8.0089,-34.8553,28.85,65,40,3.09,BR,1674217256
194,makakilo city,21.3469,-158.0858,22.88,86,0,2.06,US,1674217256
195,burnie,-41.0667,145.9167,14.97,74,73,1.61,AU,1674217084
196,darhan,49.4867,105.9228,-19.65,100,100,1.19,MN,1674217256
197,gorontalo,0.5412,123.0595,24.46,93,100,1.45,ID,1674217257
198,waingapu,-9.6567,120.2641,26.17,85,100,2.39,ID,1674216971
199,saint-doulchard,47.1037,2.352,3.69,84,57,3.87,FR,1674217257
200,alofi,-19.0595,-169.9187,24.94,94,75,1.54,NU,1674217258
201,faya,18.3851,42.4509,19.29,49,1,4.39,SA,1674217258
202,nuuk,64.1835,-51.7216,-14.66,72,20,3.6,GL,1674217258
203,feijo,-8.1642,-70.3536,20.92,99,100,2.32,BR,1674217258
204,iqaluit,63.7506,-68.5145,-20.15,77,100,1.54,CA,1674217022
205,leningradskiy,69.3833,178.4167,-32.22,94,100,6.96,RU,1674217259
206,dali,25.7,100.1833,7.7,48,2,2.32,CN,1674217259
207,ishigaki,24.3448,124.1572,19.07,68,75,7.72,JP,1674217215
208,mareeba,-17.0,145.4333,23.4,86,93,0.95,AU,1674217259
209,souillac,-20.5167,57.5167,27.21,83,75,5.14,MU,1674217260
210,deyang,31.1302,104.382,6.42,56,74,2.47,CN,1674217260
211,sochi,43.6,39.7303,15.05,57,48,1.29,RU,1674216967
212,moranbah,-22.0016,148.0466,23.67,79,59,8.16,AU,1674217260
213,pagudpud,18.5616,120.7868,23.29,84,100,8.77,PH,1674217261
214,cabo san lucas,22.8909,-109.9124,18.06,72,94,2.04,MX,1674217261
215,margate,51.3813,1.3862,6.06,76,16,4.02,GB,1674217262
216,avarua,-21.2078,-159.775,24.03,94,75,4.63,CK,1674217262
217,havelock,34.8791,-76.9013,13.97,71,98,3.13,US,1674217262
218,rodrigues alves,-7.738,-72.6509,22.11,100,100,0.24,BR,1674217262
219,dukat,62.55,155.55,-35.95,98,100,2.41,RU,1674217262
220,ewa beach,21.3156,-158.0072,23.66,86,0,2.06,US,1674217263
221,mahebourg,-20.4081,57.7,27.16,83,75,5.14,MU,1674217263
222,lima,-12.0432,-77.0282,21.06,86,75,4.63,PE,1674217144
223,cherskiy,68.75,161.3,-35.68,98,58,4.37,RU,1674217263
224,tiksi,71.6872,128.8694,-33.12,100,66,1.51,RU,1674217263
225,sainte-maxime,43.3,6.6333,11.21,32,61,5.83,FR,1674217264
226,uri,34.0833,74.0333,4.55,99,100,1.23,IN,1674217031
227,el roble,9.1019,-75.1951,23.13,89,25,1.57,CO,1674217265
228,port lincoln,-34.7333,135.8667,17.14,70,100,7.46,AU,1674217020
229,yenagoa,4.9247,6.2642,38.66,28,84,0.45,NG,1674217262
230,moreira sales,-24.0622,-53.0069,23.48,81,17,2.52,BR,1674217265
231,sinnamary,5.3833,-52.95,24.83,88,39,3.6,GF,1674217265
232,peto,20.1333,-88.9167,21.54,100,54,1.04,MX,1674217266
233,cockburn town,21.4612,-71.1419,24.95,73,23,6.91,TC,1674217266
234,carauari,-4.8828,-66.8958,21.23,100,100,0.49,BR,1674217267
235,skoghall,59.3232,13.4655,0.31,93,100,3.09,SE,1674217267
236,zhigansk,66.7697,123.3711,-47.73,99,55,0.55,RU,1674217267
237,kieta,-6.2167,155.6333,26.66,83,97,0.79,PG,1674217267
238,mar del plata,-38.0023,-57.5575,24.9,89,75,7.15,AR,1674217268
239,haines junction,60.7522,-137.5108,-6.93,98,100,1.67,CA,1674217268
240,songjianghe,42.1859,127.479,-21.59,96,67,1.34,CN,1674217268
241,okha,53.5739,142.9478,-28.93,98,74,6.72,RU,1674217269
242,isangel,-19.55,169.2667,25.0,77,80,2.42,VU,1674217269
243,mango,27.9797,-82.3065,21.26,88,100,2.06,US,1674217104
244,solnechnyy,50.7214,136.6319,-28.09,98,100,0.93,RU,1674217270
245,araguaina,-7.1911,-48.2072,24.82,79,99,1.23,BR,1674217270
246,poum,-20.2333,164.0167,26.06,87,100,11.87,NC,1674217271
247,bambanglipuro,-7.95,110.2833,25.82,83,95,0.89,ID,1674217271
248,dembi dolo,8.5333,34.8,24.78,30,51,3.7,ET,1674217043
249,byron bay,-28.65,153.6167,21.21,65,77,6.19,AU,1674217260
250,nador,35.174,-2.9287,17.14,63,75,9.26,MA,1674217272
251,thompson,55.7435,-97.8558,-13.91,92,100,2.06,CA,1674217272
252,banjarmasin,-3.3244,114.591,26.08,86,100,1.4,ID,1674216552
253,taoudenni,22.6783,-3.9836,24.12,16,0,5.91,ML,1674217274
254,dunedin,-45.8742,170.5036,13.22,61,37,5.81,NZ,1674217274
255,itarema,-2.9248,-39.9167,27.63,68,97,3.88,BR,1674217274
256,wuwei,37.9281,102.6414,-5.01,25,5,1.57,CN,1674217157
257,kaoma,-14.7833,24.8,19.6,95,100,2.31,ZM,1674217274
258,kavaratti,10.5669,72.642,26.85,67,14,2.22,IN,1674217274
259,sao jose da coroa grande,-8.8978,-35.1478,26.97,73,42,3.8,BR,1674217104
260,andilamena,-17.0167,48.5833,21.16,88,99,3.02,MG,1674217127
261,kilindoni,-7.9139,39.6668,28.04,76,97,7.62,TZ,1674217220
262,chokurdakh,70.6333,147.9167,-40.07,100,88,1.84,RU,1674217275
263,leninskoye,41.7589,69.3864,-7.81,85,1,1.32,KZ,1674217276
264,dawson creek,55.7666,-120.2362,1.8,60,0,5.66,CA,1674217276
265,antalaha,-14.9003,50.2788,26.67,79,97,0.51,MG,1674217276
266,saint joseph,39.7686,-94.8466,-1.92,88,100,4.12,US,1674217071
267,bayir,37.2687,28.2167,9.29,83,93,6.49,TR,1674217277
268,baillif,16.0202,-61.7463,25.91,74,13,4.97,GP,1674217277
269,dhidhdhoo,6.8833,73.1,26.74,65,51,2.88,MV,1674217278
270,pitimbu,-7.4706,-34.8086,28.33,65,15,4.13,BR,1674217278
271,jiazi,22.8779,116.067,16.06,74,69,8.62,CN,1674217278
272,west bay,19.3667,-81.4167,22.78,84,20,0.0,KY,1674217278
273,barbosa ferraz,-24.03,-52.0117,23.65,78,84,1.7,BR,1674217279
274,laguna,38.421,-121.4238,7.05,72,0,5.66,US,1674217279
275,chicama,-7.8447,-79.1469,17.3,72,98,1.17,PE,1674217279
276,bainbridge,47.6262,-122.5212,5.15,92,100,0.45,US,1674217279
277,puerto ayacucho,5.6639,-67.6236,22.82,74,96,3.25,VE,1674217280
278,vestmannaeyjar,63.4427,-20.2734,7.55,93,100,11.83,IS,1674217280
279,zlitan,32.4674,14.5687,15.27,27,0,6.57,LY,1674217280
280,lucapa,-8.4192,20.7447,20.71,89,100,2.23,AO,1674217281
281,morrope,-6.5417,-80.0111,21.06,70,100,2.84,PE,1674217282
282,ixtapa,20.7,-105.2,17.57,88,0,0.0,MX,1674217144
283,hirara,24.8,125.2833,18.21,68,100,9.4,JP,1674217219
284,bulawayo,-20.15,28.5833,29.22,33,100,3.49,ZW,1674217283
285,bubaque,11.2833,-15.8333,25.36,47,40,4.56,GW,1674217283
286,almaznyy,48.0448,40.045,1.06,68,98,7.58,RU,1674217284
287,los llanos de aridane,28.6585,-17.9182,17.86,75,75,4.63,ES,1674217284
288,zhuhai,22.2769,113.5678,18.25,67,20,2.06,CN,1674217277
289,matara,5.9485,80.5353,26.48,69,63,1.71,LK,1674217285
290,faanui,-16.4833,-151.75,26.9,76,14,7.29,PF,1674217285
291,geraldton,-28.7667,114.6,23.23,78,40,2.57,AU,1674217034
292,belaya gora,68.5333,146.4167,-40.63,100,95,1.51,RU,1674217285
293,provideniya,64.3833,-173.3,-29.71,94,13,2.69,RU,1674217286
294,bama,11.5221,13.6856,33.09,13,36,3.59,NG,1674217286
295,abaza,52.655,90.0928,-10.57,89,100,3.9,RU,1674217286
296,fare,-16.7,-151.0167,27.21,73,1,7.81,PF,1674217286
297,qidong,31.8128,121.6561,4.4,64,7,3.65,CN,1674217286
298,inhambane,-23.865,35.3833,33.99,55,20,3.09,MZ,1674217287
299,saskylakh,71.9167,114.0833,-39.3,100,91,1.52,RU,1674217287
300,pecos,31.4229,-103.4932,5.17,59,0,0.0,US,1674217288
301,richards bay,-28.783,32.0377,29.77,65,94,5.02,ZA,1674217288
302,xuzhou,34.1805,117.1571,2.21,38,100,2.08,CN,1674217288
303,codrington,-38.2667,141.9667,15.0,81,97,5.26,AU,1674217288
304,omboue,-1.5746,9.2618,28.81,68,100,2.88,GA,1674217024
305,marsa matruh,31.3525,27.2453,18.04,38,0,5.73,EG,1674217290
306,lerwick,60.1545,-1.1494,5.0,74,68,3.49,GB,1674217290
307,miandrivazo,-19.5167,45.4667,29.92,60,100,1.72,MG,1674217128
308,yatou,37.15,122.3833,-5.13,61,48,1.15,CN,1674217290
309,padang,-0.9492,100.3543,23.03,90,100,1.73,ID,1674217256
310,kiruna,67.8557,20.2251,-8.49,86,0,3.09,SE,1674217291
311,grindavik,63.8424,-22.4338,5.97,100,100,11.32,IS,1674217292
312,pahrump,36.2083,-115.9839,2.47,52,3,5.36,US,1674217292
313,kruisfontein,-34.0033,24.7314,28.27,43,0,6.38,ZA,1674217142
314,kutum,14.2,24.6667,28.21,10,9,1.2,SD,1674217293
315,lhokseumawe,5.1801,97.1507,25.83,84,72,2.72,ID,1674217153
316,hamilton,39.1834,-84.5333,2.55,72,100,9.26,US,1674217293
317,vila franca do campo,37.7167,-25.4333,13.23,74,100,3.11,PT,1674217294
318,betanzos,43.2804,-8.2147,13.94,82,75,2.57,ES,1674217294
319,yasnogorsk,54.4803,37.6975,1.73,81,100,7.44,RU,1674217211
320,didwana,27.4,74.5667,18.21,28,54,1.24,IN,1674217001
321,chadiza,-14.0678,32.4392,22.63,85,98,2.62,ZM,1674217295
322,churapcha,62.0025,132.4325,-47.3,98,92,0.88,RU,1674217295
323,pisco,-13.7,-76.2167,22.03,88,75,1.03,PE,1674217295
324,hagi,34.4,131.4167,2.97,60,43,5.46,JP,1674217295
325,gorin,51.1983,136.6669,-31.62,100,85,0.99,RU,1674217296
326,paraiso,9.8383,-83.8656,17.48,94,66,1.46,CR,1674217297
327,maykor,59.0059,55.88,-8.31,82,54,4.03,RU,1674217297
328,monywa,22.1167,95.1333,22.35,42,0,1.05,MM,1674217298
329,lesozavodsk,45.4794,133.4244,-27.05,95,79,0.86,RU,1674217298
330,jiwani,25.05,61.7417,21.29,30,0,5.66,PK,1674217298
331,srednekolymsk,67.45,153.6833,-36.85,99,100,1.98,RU,1674217298
332,karpathos,35.507,27.2132,18.98,59,20,5.66,GR,1674217299
333,teya,60.3778,92.6267,-45.45,100,42,1.28,RU,1674217299
334,saint-joseph,-21.3667,55.6167,29.21,82,100,2.6,RE,1674217300
335,samarai,-10.6167,150.6667,27.38,80,100,2.88,PG,1674217300
336,touros,-5.1989,-35.4608,28.39,67,65,5.0,BR,1674217301
337,goderich,43.7501,-81.7165,1.62,86,100,4.12,CA,1674217301
338,mokhsogollokh,61.4681,128.9203,-50.82,100,62,1.19,RU,1674217302
339,mitsamiouli,-11.3847,43.2844,27.74,79,88,5.37,KM,1674217303
340,buta,2.7858,24.73,38.93,16,100,0.99,CD,1674217304
341,ketchikan,55.3422,-131.6461,6.26,87,100,7.72,US,1674217304
342,kasangulu,-4.5911,15.1708,28.32,65,90,2.99,CD,1674217304
343,galle,6.0367,80.217,25.93,69,62,2.4,LK,1674217304
344,kuala kedah,6.1,100.3,25.99,83,40,1.54,MY,1674217014
345,henties bay,-22.116,14.2845,20.54,76,91,4.69,NA,1674217305
346,baijiantan,45.6333,85.1833,-20.3,97,90,1.95,CN,1674217307
347,kalulushi,-12.8378,28.0919,22.62,84,99,2.21,ZM,1674217307
348,klaksvik,62.2266,-6.589,2.51,67,99,8.35,FO,1674217308
349,nanortalik,60.1432,-45.2371,-7.3,77,65,7.87,GL,1674217309
350,mancio lima,-7.6142,-72.8958,22.04,100,100,1.54,BR,1674217309
351,trairi,-3.2778,-39.2689,28.39,66,89,3.29,BR,1674217309
352,portland,45.5234,-122.6762,3.8,94,100,0.0,US,1674217309
353,vao,-22.6667,167.4833,25.19,71,93,8.12,NC,1674217309
354,korla,41.7597,86.1469,-13.06,85,3,0.69,CN,1674217310
355,porbandar,21.6422,69.6093,24.18,36,5,5.33,IN,1674217310
356,saint-augustin,51.226,-58.6502,-7.66,79,100,4.68,CA,1674217310
357,pointe michel,15.25,-61.3833,26.16,73,32,8.09,DM,1674217310
358,prince rupert,54.3161,-130.3201,6.83,86,100,19.55,CA,1674217311
359,flinders,-34.5833,150.8552,17.99,76,48,0.97,AU,1674217235
360,college,64.8569,-147.8028,-21.03,78,100,0.0,US,1674217312
361,preobrazheniye,42.9019,133.9064,-11.85,54,48,3.91,RU,1674217312
362,todos santos,23.45,-110.2167,12.95,62,13,1.92,MX,1674217312
363,banjar,-8.19,114.9675,25.67,91,85,2.38,ID,1674217313
364,luderitz,-26.6481,15.1594,25.69,52,3,10.46,NA,1674217130
365,hervey bay,-25.2986,152.8535,24.0,65,3,7.93,AU,1674217313
366,la baule-escoublac,47.2922,-2.364,8.17,81,0,1.54,FR,1674217314
367,antsohihy,-14.8796,47.9875,23.47,96,100,6.03,MG,1674217314
368,beringovskiy,63.05,179.3167,-34.28,96,28,2.6,RU,1674217314
369,bambous virieux,-20.3428,57.7575,27.14,83,75,5.14,MU,1674217316
370,mandalgovi,45.7625,106.2708,-14.38,64,51,6.47,MN,1674217129
371,chara,56.9064,118.2631,-38.51,93,100,0.29,RU,1674217316
372,pombas,17.1503,-25.0201,22.88,69,50,6.78,CV,1674217316
373,guerrero negro,27.9769,-114.0611,13.47,73,0,6.68,MX,1674217316
374,coihaique,-45.5752,-72.0662,17.97,68,0,2.06,CL,1674217317
375,tautira,-17.7333,-149.15,26.89,71,9,6.08,PF,1674217317
376,sidi ali,36.0998,0.4206,13.97,66,92,8.6,DZ,1674217317
377,gigmoto,13.7796,124.39,24.64,92,90,7.79,PH,1674217318
378,puerto del rosario,28.5004,-13.8627,19.86,68,75,8.23,ES,1674217319
379,hovd,48.0056,91.6419,-13.52,61,99,0.68,MN,1674217319
380,elizabeth city,36.2946,-76.2511,14.01,69,0,4.63,US,1674217319
381,karratha,-20.7377,116.8463,28.27,73,48,5.26,AU,1674217319
382,pochutla,15.7432,-96.4661,21.01,74,42,1.48,MX,1674217320
383,tarakan,3.3,117.6333,26.72,83,20,1.54,ID,1674217244
384,sola,-13.8833,167.55,27.23,72,100,2.14,VU,1674217320
385,pathein,16.7833,94.7333,21.65,60,14,4.03,MM,1674217321
386,saint-philippe,-21.3585,55.7679,29.77,84,100,4.68,RE,1674217322
387,bose,45.4612,8.0137,6.2,23,48,1.6,IT,1674217322
388,serov,59.6033,60.5787,-8.66,84,77,2.59,RU,1674217322
389,mrakovo,52.7161,56.6244,-7.06,85,6,0.75,RU,1674217322
390,petropavlovsk-kamchatskiy,53.0452,158.6483,-17.67,71,0,3.0,RU,1674217323
391,quepos,9.4236,-84.1652,22.64,68,41,2.27,CR,1674217323
392,kursumlija,43.1458,21.2686,2.85,95,100,1.13,RS,1674217323
393,sao filipe,14.8961,-24.4956,23.51,67,2,4.7,CV,1674217323
394,gidole,5.65,37.3667,25.81,18,66,1.47,ET,1674217324
395,port hardy,50.6996,-127.4199,5.1,87,100,9.26,CA,1674217324
396,esperance,-33.8667,121.9,18.71,69,0,8.94,AU,1674217324
397,juquitiba,-23.9317,-47.0683,18.97,96,100,0.61,BR,1674217324
398,tiznit,29.5833,-9.5,17.52,26,0,1.95,MA,1674217324
399,broome,42.2506,-75.833,4.36,89,100,4.63,US,1674217325
400,kempsey,-31.0833,152.8333,17.75,87,100,0.89,AU,1674217325
401,rosetta,31.4044,30.4164,18.15,51,0,4.31,EG,1674217325
402,uray,60.1247,64.7758,-10.55,93,84,2.63,RU,1674217325
403,vanino,49.0869,140.2543,-24.26,99,98,1.08,RU,1674217326
404,talnakh,69.4865,88.3972,-34.34,86,4,2.61,RU,1674217141
405,mumford,5.2618,-0.759,28.27,72,79,3.84,GH,1674217326
406,ulagan,50.6321,87.9563,-17.37,94,87,1.36,RU,1674217326
407,stykkisholmur,65.0757,-22.7297,4.64,96,100,10.06,IS,1674217051
408,kolondieba,11.0882,-6.8926,33.59,8,47,2.42,ML,1674217326
409,hammond,41.5834,-87.5,1.19,89,100,6.17,US,1674217327
410,tres lagoas,-20.7511,-51.6783,24.96,78,100,1.6,BR,1674217328
411,rabupura,28.25,77.6,17.02,50,24,1.53,IN,1674217328
412,durban,-29.8579,31.0292,30.51,81,60,3.13,ZA,1674217328
413,xining,36.6167,101.7667,-8.15,35,3,1.19,CN,1674217328
414,gallup,35.5281,-108.7426,-9.58,68,80,4.23,US,1674217328
415,saint george,37.1041,-113.5841,2.33,93,100,2.06,US,1674217328
416,mecca,21.4267,39.8261,28.61,44,3,5.3,SA,1674217201
417,itoman,26.1247,127.6694,16.01,63,75,6.69,JP,1674217329
418,suar,29.0333,79.05,17.07,46,95,1.62,IN,1674217310
419,ambilobe,-13.2,49.05,25.93,89,92,4.83,MG,1674217330
420,salalah,17.0151,54.0924,27.05,13,0,9.77,OM,1674217330
421,mahibadhoo,3.7833,72.9667,26.91,65,91,8.09,MV,1674217330
422,zunyi,27.6867,106.9072,3.09,98,100,1.28,CN,1674217331
423,valdosta,30.8327,-83.2785,9.99,84,0,0.0,US,1674217331
424,reggello,43.6801,11.5293,6.24,77,82,0.89,IT,1674217331
425,sikasso,10.9167,-7.0,33.78,8,46,2.61,ML,1674217332
426,kathu,7.9178,98.3332,29.83,99,84,5.13,TH,1674217263
427,uruzgan,32.8333,66.0,2.6,64,98,1.49,AF,1674217332
428,arkhangelsk,64.5401,40.5433,1.06,80,75,1.0,RU,1674217332
429,anloga,5.7947,0.8973,29.16,70,33,4.0,GH,1674217237
430,walvis bay,-22.9575,14.5053,20.86,73,85,4.44,NA,1674217130
431,belyy gorodok,56.965,37.5125,2.77,93,100,5.41,RU,1674217333
432,komsomolskiy,40.4272,71.7189,0.4,55,46,1.03,UZ,1674217333
433,fonte boa,-2.4959,-66.2662,21.68,100,100,1.28,BR,1674217333
434,ratnagiri,16.9833,73.3,26.14,57,64,5.0,IN,1674217262
435,igarka,67.4667,86.5833,-39.99,97,6,1.62,RU,1674217334
436,moyo,3.6609,31.7247,36.89,14,33,1.09,UG,1674217334
437,bardiyah,31.7561,25.0865,16.36,58,0,6.0,LY,1674217334
438,opuwo,-18.0607,13.84,24.83,59,98,2.45,NA,1674217206
439,turtas,58.9417,69.1325,-12.77,98,100,1.33,RU,1674217334
440,kargil,34.5667,76.1,-11.13,97,100,0.38,IN,1674217335
441,puerto escondido,15.85,-97.0667,22.89,79,69,1.42,MX,1674217336
442,yermakovskoye,53.2831,92.4003,-9.49,94,100,5.02,RU,1674217336
443,katsuura,35.1333,140.3,10.26,62,0,7.71,JP,1674217162
444,qinzhou,21.95,108.6167,17.47,56,6,2.08,CN,1674217336
445,north bend,43.4065,-124.2243,4.36,96,0,3.09,US,1674217337
446,bonavista,48.6499,-53.1147,-0.67,95,100,9.72,CA,1674217337
447,yaan,7.3833,8.5667,35.85,11,78,3.44,NG,1674217337
448,saint-francois,46.4154,3.9054,1.69,82,75,5.66,FR,1674217337
449,fairbanks,64.8378,-147.7164,-21.02,79,100,0.0,US,1674217337
450,palembang,-2.9167,104.7458,24.05,94,75,2.06,ID,1674216901
451,huautla,21.0333,-98.2833,17.32,97,96,0.84,MX,1674217338
452,daru,-9.0763,143.2092,24.68,90,98,3.94,PG,1674217338
453,sagua la grande,22.8067,-80.0756,17.55,91,17,2.22,CU,1674217338
454,savannah bight,16.45,-85.85,25.86,82,40,9.84,HN,1674217338
455,necochea,-38.5473,-58.7368,24.1,64,86,6.03,AR,1674217339
456,salamanca,40.8333,-6.0,10.88,82,90,5.97,ES,1674217339
457,outlook,51.5001,-107.0513,-13.76,86,32,3.76,CA,1674217339
458,kasongo-lunda,-6.4667,16.8167,29.85,59,89,1.12,CD,1674217041
459,nouadhibou,20.931,-17.0347,19.99,52,0,9.77,MR,1674217340
460,muyezerskiy,63.9333,31.65,-3.38,94,100,2.42,RU,1674217340
461,coquimbo,-29.9533,-71.3436,17.68,80,6,0.99,CL,1674217340
462,lufilufi,-13.8745,-171.5986,23.88,78,49,4.71,WS,1674217340
463,lalpur,22.2,69.9667,24.22,24,7,4.33,IN,1674217341
464,wanning,18.8003,110.3967,19.45,84,93,5.2,CN,1674217342
465,aklavik,68.2191,-135.0107,-31.5,99,21,1.56,CA,1674217342
466,khorramshahr,30.4397,48.1664,17.96,41,0,2.87,IR,1674217343
467,joao camara,-5.5375,-35.8197,29.73,51,69,4.38,BR,1674217343
468,hvide sande,56.0045,8.1294,0.05,76,77,3.26,DK,1674217344
469,buraydah,26.326,43.975,19.25,31,0,3.24,SA,1674217344
470,lubango,-14.9172,13.4925,22.49,52,98,2.83,AO,1674217345
471,paragominas,-2.9667,-47.4833,23.65,90,100,1.25,BR,1674217345
472,port hedland,-20.3167,118.5667,29.03,79,37,4.63,AU,1674217345
473,zhezkazgan,47.8043,67.7144,-8.01,57,0,5.0,KZ,1674217346
474,hambantota,6.1241,81.1185,27.69,60,92,7.84,LK,1674217346
475,hobyo,5.3505,48.5268,27.14,65,39,12.18,SO,1674217346
476,ola,59.5833,151.2833,-30.58,85,19,5.31,RU,1674217347
477,ulaangom,49.9811,92.0667,-20.49,86,96,0.92,MN,1674217347
478,ukiah,39.1502,-123.2078,3.9,94,20,0.0,US,1674217347
479,xam nua,20.4197,104.0439,11.37,92,4,1.22,LA,1674217348
480,marrakesh,31.6315,-8.0083,14.04,54,0,2.57,MA,1674217203
481,pervomayskoye,43.919,46.7102,7.48,57,4,9.07,RU,1674217348
482,kuchinarai,16.541,104.05,20.69,49,8,3.22,TH,1674217349
483,iracoubo,5.4802,-53.2011,24.68,90,22,3.46,GF,1674217349
484,pangoa,-12.1167,-73.0,19.98,87,98,0.66,PE,1674217349
485,wasco,35.5941,-119.341,6.3,84,73,1.36,US,1674217151
486,ayan,56.45,138.1667,-26.17,91,100,4.63,RU,1674217350
487,khvalynsk,52.4906,48.1058,-10.16,93,18,1.98,RU,1674217350
488,oktyabrskiy,54.4815,53.471,-12.56,89,36,2.2,RU,1674217350
489,tevaitoa,-16.7833,-151.5,27.01,75,7,7.83,PF,1674217350
490,thaba-tseka,-29.522,28.6084,23.16,38,55,4.96,LS,1674217350
491,pontiac,42.6389,-83.2911,2.13,92,100,4.63,US,1674217350
492,conde,-7.2597,-34.9075,27.7,69,75,3.09,BR,1674217351
493,ushibuka,32.1906,130.0228,8.57,59,92,8.96,JP,1674217285
494,newark,40.7357,-74.1724,6.39,90,75,5.66,US,1674217351
495,claveria,18.6074,121.0832,23.01,85,100,8.05,PH,1674217352
496,tome,-36.6167,-72.95,15.34,86,17,0.85,CL,1674217352
497,mount isa,-20.7333,139.5,25.87,73,89,7.72,AU,1674217352
498,margherita,27.2833,95.6833,16.66,50,17,1.13,IN,1674217352
499,bahia blanca,-38.7196,-62.2724,21.27,94,100,0.89,AR,1674217353
500,mahon,39.8885,4.2658,9.31,53,20,11.83,ES,1674217353
501,kaduna,10.5222,7.4383,34.0,12,70,2.39,NG,1674217354
502,dehloran,32.6941,47.2679,17.03,34,0,1.8,IR,1674217354
503,piranshahr,36.701,45.1413,5.15,57,0,2.11,IR,1674217354
504,ushtobe,45.2514,77.9838,-13.31,88,4,1.75,KZ,1674217354
505,vila do maio,15.1333,-23.2167,24.44,73,17,8.82,CV,1674217355
506,ulladulla,-35.35,150.4667,15.42,71,31,0.77,AU,1674217355
507,shirokiy,49.758,129.523,-41.09,99,12,1.98,RU,1674217356
508,liwale,-9.7667,37.9333,25.72,75,100,1.44,TZ,1674217145
509,tura,25.5198,90.2201,14.75,57,1,1.32,IN,1674217058
510,polis,35.0367,32.4264,19.9,64,0,1.87,CY,1674217356
511,anlu,31.1661,112.5831,7.1,40,99,2.36,CN,1674217357
512,don sak,9.3168,99.6918,27.94,74,65,5.01,TH,1674217207
513,tshane,-24.0196,21.8684,32.0,26,51,5.45,BW,1674217357
514,baykit,61.67,96.37,-41.33,95,17,1.65,RU,1674217357
515,tahe,52.3333,124.7333,-40.29,97,24,1.07,CN,1674217358
516,mujiayingzi,42.1167,118.7833,-11.58,24,68,3.66,CN,1674217359
517,shingu,33.7333,135.9833,5.97,69,5,5.08,JP,1674217085
518,tommot,58.9564,126.2925,-53.24,99,52,0.4,RU,1674217359
519,terrace,54.5163,-128.6035,2.95,93,100,5.14,CA,1674217360
520,ahipara,-35.1667,173.1667,17.24,91,14,1.74,NZ,1674217360
521,susanville,40.4163,-120.653,-10.09,86,0,0.89,US,1674217360
522,pangnirtung,66.1451,-65.7125,-27.0,76,20,0.0,CA,1674217360
523,poya,-21.35,165.15,23.8,90,100,3.31,NC,1674217360
524,nemuro,43.3236,145.575,-1.16,66,55,6.04,JP,1674217298
525,salinopolis,-0.6136,-47.3561,25.91,79,94,1.92,BR,1674217361
526,berlevag,70.8578,29.0864,-2.0,64,0,10.29,NO,1674217361
527,dudinka,69.4058,86.1778,-38.9,96,6,1.84,RU,1674217362
528,huanren,41.2647,125.3667,-15.04,62,1,0.49,CN,1674217362
529,wuning,29.2589,120.2311,7.52,63,100,1.7,CN,1674217362
530,valparaiso,-33.0393,-71.6273,20.56,85,75,3.6,CL,1674217362
531,krasnyy yar,46.5331,48.3456,-0.04,45,0,6.01,RU,1674217363
532,inirida,3.8653,-67.9239,22.54,83,97,0.72,CO,1674217363
533,port macquarie,-31.4333,152.9167,17.72,68,96,3.59,AU,1674217145
534,aseri,59.4506,26.8675,0.65,92,100,3.23,EE,1674217364
535,roma,43.2128,-75.4557,3.18,97,100,1.54,US,1674217364
536,kitgum,3.2783,32.8867,36.14,15,51,3.22,UG,1674217364
537,fort frances,48.5999,-93.4003,-17.75,100,99,0.74,CA,1674217365
538,la ronge,55.1001,-105.2842,-9.88,92,75,2.06,CA,1674217365
539,sampit,-2.5333,112.95,24.77,90,100,1.27,ID,1674217199
540,cobija,-11.0267,-68.7692,24.1,94,75,1.54,BO,1674217366
541,aksu,41.1231,80.2644,-13.05,79,6,0.6,CN,1674217366
542,muros,42.7762,-9.0603,14.52,93,67,2.15,ES,1674217113
543,ostrovnoy,68.0531,39.5131,-3.19,88,100,10.3,RU,1674217366
544,anchorage,61.2181,-149.9003,1.49,94,100,2.57,US,1674217366
545,guaruja,-23.9931,-46.2564,24.92,88,40,3.13,BR,1674217367
546,merauke,-8.4667,140.3333,26.71,83,100,7.56,ID,1674217367
547,akdepe,42.0551,59.3788,2.05,33,7,3.01,TM,1674217367
548,peterhead,57.5058,-1.7981,4.26,79,20,5.57,GB,1674217367
549,lagoa,39.05,-27.9833,14.69,75,100,10.28,PT,1674217367
550,gerash,27.6652,54.1371,16.08,36,0,0.6,IR,1674217368
551,tromso,69.6496,18.957,2.01,87,75,4.12,NO,1674217368
552,okhotsk,59.3833,143.3,-28.59,76,52,5.22,RU,1674217368
553,khani,41.9563,42.9566,11.76,37,34,2.48,GE,1674217369
554,hun,29.1268,15.9477,13.57,23,0,1.45,LY,1674217369
555,barabinsk,55.3571,78.357,-19.65,100,68,2.26,RU,1674217370
556,kendari,-3.945,122.4989,25.37,88,99,1.06,ID,1674217325
557,ust-kan,50.9276,84.761,-16.82,97,78,1.59,RU,1674217370
558,damietta,31.4165,31.8133,19.73,49,0,3.76,EG,1674217370
559,wichita falls,33.9137,-98.4934,3.07,70,0,2.06,US,1674217370
560,kabin buri,13.9511,101.7177,26.17,42,43,3.8,TH,1674217371
561,sur,22.5667,59.5289,21.26,58,12,6.4,OM,1674217371
562,omsukchan,62.5333,155.8,-34.08,97,100,2.56,RU,1674217372
563,mitu,1.1983,-70.1733,21.55,92,91,0.43,CO,1674217178
564,kadoma,34.7333,135.5833,7.99,50,42,8.75,JP,1674217372
565,crotone,39.0851,17.1178,11.97,58,0,6.69,IT,1674217372
566,carutapera,-1.195,-46.02,25.18,85,100,1.47,BR,1674217373
567,hof,50.3167,11.9167,2.25,89,100,1.34,DE,1674217373
568,yugorsk,61.3133,63.3319,-11.09,93,62,2.18,RU,1674217373
569,mabaruma,8.2,-59.7833,23.88,85,62,0.91,GY,1674217373
570,saint-michel-des-saints,46.6834,-73.9159,-5.04,94,100,4.82,CA,1674217373
571,beira,-19.8436,34.8389,32.05,55,40,4.12,MZ,1674217373
572,palmer,42.1584,-72.3287,2.36,83,100,1.54,US,1674217374
573,gedinne,49.9804,4.9367,0.01,95,87,3.27,BE,1674217375
574,zavodouspenskoye,56.8626,65.0155,-8.88,86,90,2.7,RU,1674217375
575,nanning,22.8167,108.3167,14.25,49,9,3.28,CN,1674217228
576,yerbogachen,61.2767,108.0108,-42.05,100,99,1.65,RU,1674217376
